{"batchSize": 64, "epochsNo": 5, "learningRates": [5e-05, 4.4000000000000006e-05, 3.8e-05, 3.2000000000000005e-05, 2.6000000000000002e-05, 2e-05], "epochs": {"1": {"AvgTrainLoss": 0.6826109034674508, "AvgEvalLoss": 0.6480628848075867, "MatthewsCoef": 0.10411584125907071}, "2": {"AvgTrainLoss": 0.6097739636898041, "AvgEvalLoss": 0.527986615896225, "MatthewsCoef": 0.3927922024247863}, "3": {"AvgTrainLoss": 0.49678135769707815, "AvgEvalLoss": 0.4413967877626419, "MatthewsCoef": 0.44907311951024936}, "4": {"AvgTrainLoss": 0.37448575666972567, "AvgEvalLoss": 0.4336068779230118, "MatthewsCoef": 0.5405484375805133}, "5": {"AvgTrainLoss": 0.23588993293898447, "AvgEvalLoss": 0.41666607558727264, "MatthewsCoef": 0.5416666666666666}}}