{"batchSize": 32, "epochsNo": 5, "learningRates": [3.0000000000000004e-05, 2.6000000000000002e-05, 2.2000000000000003e-05, 1.8e-05, 1.4e-05, 1e-05], "epochs": {}}